material,n_wells,er_mean,mito_mean,nucleus_mean,actin_mean,rna_mean,er_cv,mito_cv,nucleus_cv,actin_cv,rna_cv,saturation_frac_any,snr_floor_proxy_mean
BLANK,4,0,0,0,0,0,nan,nan,nan,nan,nan,0,nan
DARK,12,0,0,0,0,0,nan,nan,nan,nan,nan,0,nan
FLATFIELD_DYE_HIGH,20,393.772,495.671,583.893,442.836,537.198,0.038727,0.022923,0.0367152,0.036699,0.0345705,0,nan
FLATFIELD_DYE_LOW,312,56.5209,65.9581,75.5799,52.1122,61.4485,0.0451437,0.0451908,0.0450898,0.0475876,0.0477467,0,nan
FOCUS_BEADS,16,285.191,328.716,376.552,300.769,348.43,0.030702,0.0349524,0.0391973,0.0363367,0.0314361,0,nan
MULTICOLOR_BEADS_DENSE,8,188.188,234.485,281.213,207.444,254.638,0.0105378,0.0100839,0.0106237,0.00730575,0.0127818,0,nan
MULTICOLOR_BEADS_SPARSE,12,189.158,234.567,283.338,204.831,253.643,0.0366547,0.054839,0.0433603,0.0461998,0.0389413,0,nan