dose_uM,n_wells,n_committed,fraction_committed,mean_commitment_time_h
0.1,4,0,0.0,
0.1519911082952934,4,0,0.0,
0.23101297000831597,4,0,0.0,
0.3511191734215131,4,0,0.0,
0.533669923120631,4,0,0.0,
0.8111308307896873,4,1,0.25,12.0
1.232846739442066,4,1,0.25,48.0
1.8738174228603839,4,1,0.25,12.0
2.848035868435802,4,1,0.25,12.0
4.328761281083059,4,1,0.25,48.0
6.5793322465756825,4,1,0.25,48.0
10.0,4,0,0.0,
