{
  "raw": {
    "all": {
      "n_samples": 303,
      "explained_variance_ratio": [
        0.4425666421112957,
        0.2502433358976928,
        0.13714169649971478,
        0.09685691140897504,
        0.07319141408232174
      ],
      "cumulative_variance": [
        0.4425666421112957,
        0.6928099780089885,
        0.8299516745087032,
        0.9268085859176782,
        1.0
      ],
      "participation_ratio": 3.4242699681858983,
      "effective_rank_exp": 4.044602627861849,
      "n_components_80pct": 3,
      "n_components_95pct": 5
    },
    "cell_line=A549": {
      "n_samples": 152,
      "explained_variance_ratio": [
        0.44271166965220204,
        0.17566747234415314,
        0.16223420576346492,
        0.13890006446752348,
        0.0804865877726563
      ],
      "cumulative_variance": [
        0.44271166965220204,
        0.6183791419963551,
        0.78061334775982,
        0.9195134122273435,
        0.9999999999999998
      ],
      "participation_ratio": 3.5849497275292244,
      "effective_rank_exp": 4.213516693478353,
      "n_components_80pct": 4,
      "n_components_95pct": 5
    },
    "cell_line=HepG2": {
      "n_samples": 151,
      "explained_variance_ratio": [
        0.486314363861273,
        0.16698473378440082,
        0.13588366533364168,
        0.12110387504202318,
        0.0897133619786612
      ],
      "cumulative_variance": [
        0.486314363861273,
        0.6532990976456738,
        0.7891827629793156,
        0.9102866380213387,
        0.9999999999999999
      ],
      "participation_ratio": 3.2726307435875133,
      "effective_rank_exp": 4.025520640899935,
      "n_components_80pct": 4,
      "n_components_95pct": 5
    },
    "timepoint=24.0h": {
      "n_samples": 303,
      "explained_variance_ratio": [
        0.44256664211129576,
        0.2502433358976929,
        0.1371416964997147,
        0.09685691140897511,
        0.07319141408232185
      ],
      "cumulative_variance": [
        0.44256664211129576,
        0.6928099780089887,
        0.8299516745087034,
        0.9268085859176786,
        1.0000000000000004
      ],
      "participation_ratio": 3.4242699681858966,
      "effective_rank_exp": 4.044602627861851,
      "n_components_80pct": 3,
      "n_components_95pct": 5
    },
    "cell_line=A549|timepoint=24.0h": {
      "n_samples": 152,
      "explained_variance_ratio": [
        0.44271166965220204,
        0.17566747234415314,
        0.16223420576346492,
        0.13890006446752348,
        0.0804865877726563
      ],
      "cumulative_variance": [
        0.44271166965220204,
        0.6183791419963551,
        0.78061334775982,
        0.9195134122273435,
        0.9999999999999998
      ],
      "participation_ratio": 3.5849497275292244,
      "effective_rank_exp": 4.213516693478353,
      "n_components_80pct": 4,
      "n_components_95pct": 5
    },
    "cell_line=HepG2|timepoint=24.0h": {
      "n_samples": 151,
      "explained_variance_ratio": [
        0.486314363861273,
        0.16698473378440082,
        0.13588366533364168,
        0.12110387504202318,
        0.0897133619786612
      ],
      "cumulative_variance": [
        0.486314363861273,
        0.6532990976456738,
        0.7891827629793156,
        0.9102866380213387,
        0.9999999999999999
      ],
      "participation_ratio": 3.2726307435875133,
      "effective_rank_exp": 4.025520640899935,
      "n_components_80pct": 4,
      "n_components_95pct": 5
    }
  },
  "calibrated": {
    "all": {
      "n_samples": 303,
      "explained_variance_ratio": [
        0.43539346666048684,
        0.25096154240103913,
        0.14020814226732514,
        0.09893457008805624,
        0.07450227858309265
      ],
      "cumulative_variance": [
        0.43539346666048684,
        0.686355009061526,
        0.8265631513288512,
        0.9254977214169074,
        1.0
      ],
      "participation_ratio": 3.4777028838639437,
      "effective_rank_exp": 4.082761885264021,
      "n_components_80pct": 3,
      "n_components_95pct": 5
    },
    "cell_line=A549": {
      "n_samples": 152,
      "explained_variance_ratio": [
        0.419893671701286,
        0.17920076548996075,
        0.16764678780630454,
        0.1424649694398508,
        0.09079380556259785
      ],
      "cumulative_variance": [
        0.419893671701286,
        0.5990944371912468,
        0.7667412249975514,
        0.9092061944374021,
        1.0
      ],
      "participation_ratio": 3.772604911104936,
      "effective_rank_exp": 4.337506300863472,
      "n_components_80pct": 4,
      "n_components_95pct": 5
    },
    "cell_line=HepG2": {
      "n_samples": 151,
      "explained_variance_ratio": [
        0.48152511144829807,
        0.1692441596272813,
        0.13885718910900804,
        0.12026574735511447,
        0.09010779246029822
      ],
      "cumulative_variance": [
        0.48152511144829807,
        0.6507692710755794,
        0.7896264601845874,
        0.9098922075397018,
        1.0
      ],
      "participation_ratio": 3.3071560714668977,
      "effective_rank_exp": 4.0482611503265895,
      "n_components_80pct": 4,
      "n_components_95pct": 5
    },
    "timepoint=24.0h": {
      "n_samples": 303,
      "explained_variance_ratio": [
        0.4353934666604869,
        0.2509615424010391,
        0.14020814226732506,
        0.0989345700880563,
        0.07450227858309266
      ],
      "cumulative_variance": [
        0.4353934666604869,
        0.686355009061526,
        0.826563151328851,
        0.9254977214169073,
        1.0
      ],
      "participation_ratio": 3.4777028838639428,
      "effective_rank_exp": 4.082761885264021,
      "n_components_80pct": 3,
      "n_components_95pct": 5
    },
    "cell_line=A549|timepoint=24.0h": {
      "n_samples": 152,
      "explained_variance_ratio": [
        0.419893671701286,
        0.17920076548996075,
        0.16764678780630454,
        0.1424649694398508,
        0.09079380556259785
      ],
      "cumulative_variance": [
        0.419893671701286,
        0.5990944371912468,
        0.7667412249975514,
        0.9092061944374021,
        1.0
      ],
      "participation_ratio": 3.772604911104936,
      "effective_rank_exp": 4.337506300863472,
      "n_components_80pct": 4,
      "n_components_95pct": 5
    },
    "cell_line=HepG2|timepoint=24.0h": {
      "n_samples": 151,
      "explained_variance_ratio": [
        0.48152511144829807,
        0.1692441596272813,
        0.13885718910900804,
        0.12026574735511447,
        0.09010779246029822
      ],
      "cumulative_variance": [
        0.48152511144829807,
        0.6507692710755794,
        0.7896264601845874,
        0.9098922075397018,
        1.0
      ],
      "participation_ratio": 3.3071560714668977,
      "effective_rank_exp": 4.0482611503265895,
      "n_components_80pct": 4,
      "n_components_95pct": 5
    }
  }
}